the,4480
to,4218
of,3711
and,3504
her,2199
a,1982
in,1909
was,1838
i,1750
she,1668
that,1487
it,1482
not,1427
you,1301
he,1296
be,1257
his,1247
as,1174
had,1170
with,1092
for,1051
but,896
is,859
have,838
at,797
mr,766
him,753
on,722
my,650
by,648
all,633
elizabeth,632
they,587
so,582
were,562
which,537
could,524
been,514
from,499
very,473
no,469
would,465
this,463
their,440
what,435
me,431
them,429
your,426
darcy,418
will,407
said,401
such,389
or,368
when,355
an,354
are,350
do,342
mrs,338
there,329
much,327
more,324
bennet,323
if,322
am,316
must,314
any,304
bingley,304
jane,294
than,282
who,281
miss,272
one,267
did,257
should,247
we,238
know,237
before,229
herself,227
other,225
sister,218
never,217
has,217
soon,216
though,216
only,215
can,213
think,211
well,206
some,203
how,203
may,201
time,200
might,200
after,199
now,199
every,197
wickham,190
good,190
little,188
most,187
lady,184
own,182
collins,180
without,177
again,177
being,174
nothing,173
lydia,168
make,168
then,168
shall,160
say,158
dear,153
see,152
man,151
family,151
first,145
great,142
into,142
too,141
mother,137
out,136
father,135
however,135
day,134
two,131
young,130
ever,130
himself,127
give,127
catherine,126
made,126
about,126
up,124
hope,122
us,122
last,121
away,120
many,120
always,118
letter,117
long,116
cannot,116
friend,112
room,112
thought,112
its,110
way,110
enough,106
house,106
saw,103
replied,103
go,102
sure,101
felt,99
wish,98
manner,97
gardiner,97
quite,96
having,95
myself,93
pleasure,92
love,92
till,92
better,92
done,91
over,91
cried,91
often,90
came,90
where,89
come,89
longbourn,88
really,87
gutenberg,87
feelings,86
lizzy,86
subject,85
charlotte,85
whom,85
believe,85
even,84
daughter,84
aunt,84
heard,84
project,83
happy,83
anything,81
does,80
morning,79
whole,79
brother,79
take,78
indeed,78
less,77
sisters,76
our,76
like,76
sir,76
seen,75
ill,75
looked,74
while,74
evening,74
therefore,74
ladies,74
place,74
down,73
netherfield,73
still,72
few,72
hear,72
both,72
happiness,72
just,71
upon,71
yet,71
added,71
nor,70
same,70
next,70
moment,70
lucas,70
told,69
tell,69
these,69
kitty,69
something,69
found,69
half,69
uncle,68
attention,68
opinion,68
present,67
towards,67
here,67
went,67
received,66
marriage,66
work,66
world,66
home,66
character,65
seemed,65
speak,65
left,65
answer,65
perhaps,65
colonel,65
least,65
let,65
each,64
together,64
town,64
part,64
certainly,63
leave,62
kind,62
between,62
off,62
gone,62
conversation,61
married,61
chapter,61
passed,61
almost,61
those,60
woman,60
immediately,60
coming,60
three,60
either,60
seeing,60
means,60
whose,59
began,59
party,58
find,58
affection,58
certain,57
because,57
meryton,57
life,57
far,57
going,57
knew,57
known,57
once,57
mind,57
given,56
possible,56
look,56
another,56
since,56
rather,55
friends,55
person,55
london,55
behaviour,55
general,54
others,54
able,54
side,54
gave,54
visit,53
people,53
took,53
pemberley,53
against,53
pride,52
acquaintance,52
eyes,52
return,52
get,52
whether,51
continued,51
reason,51
walk,51
yourself,50
daughters,50
husband,50
rosings,49
cousin,49
word,49
regard,49
idea,49
settled,48
object,48
suppose,48
wife,47
course,47
business,47
perfectly,46
hardly,46
point,46
agreeable,45
girls,45
william,45
manners,45
heart,45
scarcely,45
returned,45
everything,44
ought,44
longer,44
want,44
through,44
help,44
carriage,44
walked,44
else,43
turned,43
terms,43
country,43
short,43
power,42
read,42
thing,42
honour,42
impossible,42
civility,42
spoke,42
marry,42
why,42
right,42
ladyship,42
expected,42
back,41
best,41
hertfordshire,41
called,41
set,40
met,40
convinced,40
rest,40
dare,40
asked,40
under,39
former,39
gentleman,39
talking,39
de,39
bourgh,39
pleased,39
forster,39
spirits,39
assure,39
fortune,39
wished,39
within,38
account,38
situation,38
girl,38
everybody,38
occasion,38
mary,38
gentlemen,38
sat,38
write,38
feel,38
talked,38
sort,38
feeling,38
likely,38
neither,37
afraid,37
stay,37
doubt,37
glad,37
different,37
minutes,37
surprise,37
handsome,37
believed,37
brought,37
engaged,36
amiable,36
years,36
entered,36
ball,36
fitzwilliam,36
poor,36
near,36
also,36
sense,35
expect,35
dinner,35
beyond,35
surprised,34
men,34
answered,34
deal,34
four,34
door,34
saying,34
days,34
invitation,34
night,34
wishes,34
wonder,34
sometimes,34
mean,34
care,34
sorry,34
silence,34
satisfied,34
usual,34
advantage,34
information,34
themselves,34
making,34
thousand,34
speaking,33
name,33
consider,33
hurst,33
society,33
afterwards,32
length,32
determined,32
allow,32
news,32
particularly,32
merely,32
dance,32
head,32
full,32
ten,32
ask,32
works,32
talk,32
meet,32
case,32
five,32
put,31
sensible,31
fine,31
appeared,31
end,31
real,31
whatever,31
necessary,31
appear,31
receive,31
comfort,31
officers,31
taken,31
phillips,31
instantly,31
understand,31
alone,31
resolved,31
equal,30
particular,30
exactly,30
opportunity,30
mention,30
words,30
respect,30
consequence,30
things,30
arrival,30
astonishment,30
countenance,30
air,30
appearance,30
anyone,29
lost,29
younger,29
neighbourhood,29
kindness,29
foundation,29
week,29
obliged,29
matter,29
smile,29
circumstances,28
highly,28
joined,28
table,28
money,28
already,28
assured,28
master,28
pain,28
thus,28
offer,28
year,28
looking,28
call,28
mentioned,28
early,28
credit,28
satisfaction,27
observed,27
face,27
beauty,27
liked,27
electronic,27
during,27
turn,27
truth,27
forward,27
second,27
attachment,27
knowing,27
easily,27
imagine,27
keep,27
absence,27
new,26
expressed,26
meant,26
silent,26
attentions,26
interest,26
use,26
following,26
anxious,26
concern,26
reply,26
breakfast,26
hours,26
wholly,26
compliment,26
allowed,26
ago,26
walking,26
supposed,26
among,25
got,25
entirely,25
oh,25
exceedingly,25
giving,25
persuaded,25
bear,25
greater,25
doing,25
disposition,25
followed,25
send,25
delight,25
hour,25
express,25
small,25
state,25
change,25
easy,25
children,25
admiration,25
thoughts,25
temper,24
pounds,24
serious,24
hand,24
library,24
happened,24
brighton,24
notice,24
anybody,24
acquainted,24
relations,24
attended,24
self,24
match,24
fear,24
except,24
paid,24
several,24
yes,24
hearing,24
derbyshire,24
pretty,24
wanted,24
gratitude,24
living,24
used,23
considered,23
sake,23
marrying,23
desire,23
hopes,23
inquiries,23
fortnight,23
remained,23
whenever,23
nature,23
curiosity,23
probably,23
prevented,23
degree,23
hunsford,23
dislike,23
question,23
spite,23
conduct,23
delighted,23
especially,23
large,23
directly,23
importance,23
frequently,23
pleasing,22
favour,22
eliza,22
praise,22
park,22
spent,22
natural,22
latter,22
depend,22
inclination,22
meeting,22
proud,22
seems,22
favourite,22
further,22
voice,22
niece,22
fixed,22
regiment,22
unless,22
company,22
event,22
written,22
son,22
fair,22
true,22
expression,21
wrote,21
understanding,21
pleasant,21
above,21
drawing,21
sitting,21
mistaken,21
repeated,21
attempt,21
cause,21
instead,21
madam,21
listened,21
live,21
public,21
journey,21
sent,21
intended,21
dancing,21
months,21
trouble,21
receiving,21
nephew,21
thinking,21
promised,21
design,21
humour,21
agreement,21
ready,20
acknowledged,20
purpose,20
greatest,20
estate,20
hoped,20
times,20
pray,20
endeavour,20
remember,20
proper,20
engagement,20
particulars,20
choose,20
knowledge,20
need,20
equally,20
vain,20
forced,20
connection,20
maria,20
address,20
fancy,19
summer,19
drew,19
comprehend,19
late,19
circumstance,19
regret,19
eldest,19
women,19
strong,19
danger,19
intelligence,19
join,19
common,19
resolution,19
charming,19
affected,19
anxiety,19
taking,18
pause,18
vanity,18
capable,18
success,18
superior,18
none,18
smiled,18
bring,18
accept,18
future,18
light,18
persuade,18
civil,18
reached,18
parsonage,18
leaving,18
weeks,18
connections,18
avoid,18
expectation,18
felicity,18
removed,18
health,18
cold,18
excellent,18
admire,18
led,18
concerned,18
delightful,18
chance,18
play,18
slight,18
stairs,18
evident,18
affair,18
accepted,18
effect,18
street,18
servant,17
prevent,17
motive,17
perfect,17
promise,17
form,17
partner,17
addressed,17
forget,17
report,17
disappointment,17
politeness,17
please,17
angry,17
united,17
resentment,17
ease,17
kept,17
sight,17
wait,17
round,17
beg,17
view,17
absolutely,17
affectionate,17
indifference,17
high,17
readily,17
saturday,17
proved,17
loss,17
scheme,17
nobody,17
dining,17
open,17
likewise,17
book,17
conviction,16
fond,16
letters,16
distress,16
tried,16
spoken,16
chief,16
confess,16
comes,16
extraordinary,16
otherwise,16
companion,16
ashamed,16
ignorant,16
dearest,16
became,16
window,16
formed,16
writing,16
thank,16
questions,16
generally,16
scene,16
housekeeper,16
chose,16
step,16
indifferent,16
dine,16
opened,16
tone,16
suddenly,16
miles,16
composure,16
seem,16
distance,16
pass,16
related,16
reading,15
extremely,15
principal,15
lively,15
sit,15
choice,15
winter,15
worth,15
objection,15
eye,15
georgiana,15
old,15
excuse,15
wrong,15
earnest,15
disposed,15
bad,15
trust,15
prevailed,15
seated,15
blame,15
marked,15
age,15
assurance,15
pardon,15
period,15
donations,15
advice,15
fortunate,15
arrived,15
reasonable,15
intention,15
duty,15
agree,15
farther,15
laugh,15
says,15
calling,15
declared,15
belief,15
license,15
caroline,15
share,15
justice,15
beautiful,15
connected,14
evil,14
occurred,14
fact,14
asking,14
struck,14
eagerly,14
thanks,14
visitors,14
wedding,14
determine,14
alarm,14
respectable,14
influence,14
yours,14
unable,14
greatly,14
aware,14
produced,14
wishing,14
misery,14
painful,14
creature,14
compassion,14
sentence,14
gratified,14
stood,14
lucases,14
charge,14
learnt,14
assistance,14
secure,14
parted,14
states,14
twice,14
tolerable,14
lived,14
observation,14
child,14
immediate,14
possibility,14
astonished,14
kent,14
elegant,14
interesting,14
supposing,14
tolerably,14
meaning,14
disagreeable,14
consideration,14
prospect,14
behind,14
grateful,13
constant,13
copyright,13
opening,13
leisure,13
distressed,13
turning,13
standing,13
relief,13
taste,13
comparison,13
deceived,13
archive,13
permission,13
beginning,13
clothes,13
suffer,13
finding,13
intimate,13
spend,13
entrance,13
request,13
frequent,13
enjoyment,13
etc,13
anger,13
tea,13
consent,13
stranger,13
plan,13
road,13
picture,13
interference,13
literary,13
understood,13
agreed,13
yesterday,13
ideas,13
sooner,13
youngest,13
partiality,13
recollected,13
considering,13
worse,13
eager,13
ran,13
conceal,13
dared,13
seriously,13
happen,12
rich,12
joy,12
copy,12
applied,12
denny,12
steady,12
welcome,12
disappointed,12
add,12
forth,12
rank,12
contempt,12
actually,12
bringing,12
admired,12
hint,12
relationship,12
engagements,12
expressions,12
courage,12
free,12
amongst,12
congratulations,12
accomplished,12
garden,12
favourable,12
perceived,12
music,12
books,12
forgotten,12
attached,12
colour,12
enter,12
observing,12
parties,12
servants,12
returning,12
amusement,12
hall,12
hard,12
approaching,12
follow,12
occasionally,12
single,12
besides,12
false,12
naturally,12
probable,12
tuesday,12
generous,12
speech,12
danced,12
judge,12
shortly,12
elder,12
try,12
comfortable,12
believing,12
begin,12
listen,12
apprehension,12
application,12
looks,12
unhappy,12
silly,12
recommend,12
pay,12
recollection,12
hurry,11
cousins,11
introduction,11
moments,11
plain,11
disgrace,11
aloud,11
lose,11
boast,11
opposite,11
laughed,11
necessity,11
remain,11
required,11
education,11
passing,11
difficult,11
acquaintances,11
confusion,11
earnestly,11
satisfy,11
imprudent,11
visitor,11
chaise,11
smallest,11
rendered,11
mine,11
views,11
wants,11
objections,11
ground,11
relate,11
judgement,11
provide,11
neighbours,11
bow,11
support,11
prejudice,11
income,11
private,11
supper,11
relation,11
due,11
confidence,11
increasing,11
drove,11
church,11
delicacy,11
heaven,11
invited,11
decided,11
folly,11
excessively,11
important,11
increased,11
wild,11
esteem,11
feared,11
moreover,11
lord,11
compliments,11
caught,11
introduce,11
communication,11
shook,11
grieved,11
run,11
instrument,11
paragraph,11
lately,11
learn,11
dreadful,11
desirable,11
gained,11
considerable,11
noble,11
laughing,10
utmost,10
shame,10
inquire,10
inquiry,10
access,10
chiefly,10
insufficient,10
dances,10
virtue,10
smiles,10
bennets,10
forgive,10
stand,10
lambton,10
inclined,10
sentiments,10
possession,10
partial,10
embarrassment,10
amazement,10
interruption,10
reflection,10
coach,10
mamma,10
six,10
wretched,10
staying,10
prepared,10
debts,10
loved,10
excited,10
goodness,10
impatience,10
observe,10
hill,10
proposal,10
lane,10
listening,10
happiest,10
attentive,10
explanation,10
difference,10
intimacy,10
escape,10
secrecy,10
pronounced,10
refund,10
unlucky,10
flatter,10
trademark,10
consolation,10
encouragement,10
twenty,10
quit,10
vexation,10
rational,10
furniture,10
tears,10
provided,10
property,10
unwilling,10
reynolds,10
informed,10
card,10
preference,10
finished,10
hurried,10
remarkably,10
heartily,10
including,10
quick,10
waiting,10
style,10
smiling,10
proceeded,10
direction,10
concluded,10
sincere,10
contrary,10
ebook,10
neglect,10
triumph,10
overcome,10
consequently,10
subjects,10
strange,10
endeavoured,10
awkward,10
various,10
highest,9
lips,9
imprudence,9
exertion,9
remembered,9
act,9
bore,9
misfortune,9
improvement,9
sincerely,9
admitted,9
parish,9
likes,9
eight,9
material,9
spirit,9
along,9
sunday,9
entering,9
reception,9
threw,9
elegance,9
become,9
honoured,9
itself,9
comply,9
attending,9
addition,9
story,9
interrupted,9
lines,9
mistress,9
suspected,9
persons,9
close,9
deserve,9
past,9
fresh,9
valuable,9
knows,9
seldom,9
dressing,9
longed,9
nearly,9
quitted,9
thither,9
refuse,9
monday,9
youth,9
grave,9
offended,9
uncommonly,9
quarter,9
fears,9
fellow,9
introduced,9
explained,9
wednesday,9
repeatedly,9
clear,9
guarded,9
directed,9
fall,9
probability,9
moved,9
continue,9
console,9
remaining,9
gives,9
hastily,9
patience,9
running,9
whisper,9
value,9
contents,9
reflections,9
discover,9
haste,9
placed,9
rejoiced,9
violent,9
elopement,9
pity,9
proposals,9
nieces,9
assembly,9
authority,9
humble,9
friendship,9
jenkinson,9
minute,9
suspicion,9
owner,9
offered,9
recommended,9
spared,8
abode,8
formal,8
office,8
rooms,8
low,8
entail,8
begged,8
month,8
exclaimed,8
variety,8
couple,8
collection,8
totally,8
clergyman,8
doors,8
extent,8
protested,8
difficulty,8
unknown,8
bestowed,8
remarks,8
below,8
properly,8
reach,8
officer,8
recollections,8
conclusion,8
volunteers,8
relieved,8
according,8
unexpected,8
direct,8
gentlemanlike,8
fee,8
warmth,8
domain,8
impatient,8
solicitude,8
fast,8
occasions,8
suffered,8
concerns,8
http,8
female,8
throw,8
fun,8
sudden,8
hate,8
figure,8
wherever,8
watching,8
death,8
laws,8
indebted,8
prepare,8
arrangement,8
carried,8
separation,8
enjoy,8
encouraged,8
assurances,8
inquired,8
makes,8
associated,8
follows,8
freely,8
king,8
usually,8
approach,8
declare,8
wondered,8
contain,8
laid,8
severe,8
possibly,8
gracious,8
note,8
quitting,8
heightened,8
uneasy,8
tall,8
ourselves,8
chooses,8
incapable,8
alteration,8
certainty,8
vexed,8
expressing,8
ordered,8
gallantry,8
indignation,8
sound,8
force,8
mistake,8
acknowledge,8
openly,8
evils,8
tax,8
thrown,8
scotland,8
eagerness,8
lest,8
opinions,8
taught,8
governess,8
matters,8
service,8
impertinence,8
features,8
discovered,8
warmly,8
noticed,8
lodge,8
thankful,8
unpleasant,8
altogether,8
deny,8
george,8
prove,8
somewhat,8
sacrifice,8
strongly,8
advise,8
seek,8
idle,8
neighbour,8
quietly,8
doubted,8
drawn,8
line,8
number,8
employed,8
foolish,8
interested,8
alarmed,8
balls,8
memory,8
hold,8
quiet,8
complete,8
changed,8
arise,8
commendation,8
chosen,8
behaved,8
horses,8
propriety,8
quest,7
circle,7
cared,7
instance,7
embarrassed,7
persuasion,7
discovery,7
sentiment,7
show,7
altered,7
motives,7
commission,7
expectations,7
approbation,7
parents,7
st,7
eligible,7
undoubtedly,7
tempted,7
allowing,7
liberty,7
reserved,7
distributing,7
description,7
distribute,7
safe,7
suit,7
fancied,7
apology,7
proof,7
teasing,7
study,7
entreaty,7
disapprobation,7
takes,7
dependence,7
pretend,7
dined,7
represented,7
desirous,7
hers,7
created,7
thanked,7
uncomfortable,7
copies,7
conjecture,7
condescension,7
selfish,7
differently,7
resemblance,7
orders,7
removal,7
dreaded,7
impression,7
cheerful,7
resolving,7
frightened,7
settle,7
describe,7
formerly,7
somebody,7
completely,7
cost,7
section,7
parting,7
notion,7
weak,7
spot,7
worst,7
established,7
perceive,7
schemes,7
concealed,7
friendly,7
expose,7
guard,7
peace,7
temptation,7
third,7
finally,7
endeavours,7
treated,7
cards,7
welcomed,7
unreasonable,7
hopeless,7
ebooks,7
order,7
companions,7
sixteen,7
entertained,7
succeeded,7
effort,7
broken,7
reserve,7
dwelling,7
expense,7
ignorance,7
getting,7
rising,7
ma,7
sweet,7
hands,7
appearing,7
owed,7
objects,7
bestow,7
directions,7
refusal,7
raptures,7
mentioning,7
civilities,7
fault,7
woods,7
ventured,7
twelvemonth,7
intending,7
satisfactory,7
advantages,7
falsehood,7
patroness,7
coffee,7
assist,7
shocked,7
glance,7
gown,7
wanting,7
uneasiness,7
domestic,7
gracechurch,7
spare,7
profession,7
concerning,7
habit,7
telling,7
inform,7
deep,7
seeking,7
rejoice,7
affairs,7
waited,7
flattered,7
drink,7
nonsense,7
kindly,7
pleasures,7
clever,7
afford,7
game,7
esteemed,7
defect,7
inn,7
north,7
blushed,7
contained,7
congratulate,7
addresses,7
sex,7
trusted,7
complexion,7
truly,7
discourse,7
performed,7
refusing,7
rose,7
supply,7
renewal,7
stayed,7
watched,7
improbable,7
merit,7
remarkable,7
fashion,7
showed,7
explain,6
approached,6
raised,6
intercourse,6
plainly,6
perverseness,6
continually,6
inconvenience,6
mortification,6
trying,6
deference,6
intentions,6
gradually,6
repeating,6
grew,6
shop,6
insist,6
corps,6
wisest,6
exercise,6
charles,6
indulgence,6
abhorrence,6
pursuit,6
disdain,6
suspense,6
establishment,6
shown,6
sick,6
christmas,6
seat,6
f,6
delay,6
human,6
gratifying,6
method,6
instant,6
urged,6
departure,6
gate,6
purchase,6
cheerfulness,6
lay,6
lucky,6
paper,6
keeping,6
occasional,6
warm,6
sees,6
playing,6
source,6
distressing,6
useful,6
stronger,6
militia,6
names,6
active,6
wit,6
admit,6
blind,6
grounds,6
gardiners,6
check,6
invite,6
tour,6
distinguished,6
complying,6
recovered,6
fifty,6
actions,6
everyone,6
produce,6
acted,6
river,6
miserable,6
forbearance,6
unfortunate,6
willing,6
fitted,6
hundred,6
delayed,6
declined,6
entreat,6
honourable,6
acceptable,6
useless,6
actual,6
hurt,6
additional,6
purposely,6
date,6
lakes,6
delicate,6
professions,6
language,6
utter,6
resigned,6
separate,6
carriages,6
parlour,6
recover,6
conceited,6
obligation,6
charm,6
encourage,6
impertinent,6
roused,6
oblige,6
entailed,6
proceeding,6
dressed,6
engaging,6
displaying,6
fail,6
advisable,6
presence,6
deserved,6
error,6
claim,6
command,6
occupied,6
ceased,6
modesty,6
pursue,6
shocking,6
matrimony,6
voluntarily,6
travelling,6
paying,6
accompanied,6
chair,6
county,6
described,6
powers,6
refused,6
downstairs,6
recollect,6
village,6
alluded,6
respects,6
desired,6
lead,6
carry,6
strength,6
performance,6
prefer,6
closed,6
entertainment,6
increase,6
employment,6
larger,6
justify,6
web,6
accordingly,6
draw,6
ones,6
weather,6
renewed,6
preparing,6
cases,6
independence,6
mortifying,6
softened,6
improved,6
reproach,6
reminded,6
displeasure,6
obtain,6
families,6
weight,6
james,6
fire,6
individual,6
claims,6
earliest,6
speedily,6
agitation,6
offers,6
secret,6
abominable,6
law,6
abilities,6
assembled,6
amused,6
aspect,6
compliance,6
stopped,6
windows,6
distribution,6
qualities,6
arguments,5
solemnity,5
likelihood,5
parts,5
absurd,5
arisen,5
impatiently,5
shut,5
spending,5
louisa,5
nearest,5
papa,5
escaped,5
odd,5
inducement,5
vacant,5
engrossed,5
mend,5
progress,5
welfare,5
amends,5
rid,5
ruin,5
causes,5
venture,5
novelty,5
impropriety,5
efforts,5
preserve,5
complaisance,5
tranquillity,5
using,5
re,5
leading,5
confined,5
philosophy,5
occur,5
whist,5
adding,5
attend,5
economy,5
unaffected,5
eat,5
mutual,5
peculiar,5
driven,5
collinses,5
lawn,5
sufficiently,5
recent,5
example,5
imagined,5
sum,5
arising,5
dish,5
ring,5
crossed,5
violently,5
display,5
principally,5
conscience,5
punishment,5
spring,5
confirmation,5
sing,5
quarrel,5
rate,5
energy,5
arose,5
mile,5
opposed,5
treat,5
distinction,5
events,5
inquiring,5
result,5
provoke,5
suggested,5
breach,5
borne,5
happily,5
beneath,5
dress,5
interrupt,5
attributed,5
respectability,5
sweetness,5
dignity,5
gentle,5
horror,5
polite,5
accepting,5
original,5
engage,5
breeding,5
o,5
practice,5
dwelt,5
visible,5
obliging,5
distant,5
afforded,5
sought,5
principle,5
bitterness,5
emotion,5
deeply,5
unfolded,5
lover,5
discretion,5
ceremony,5
syllable,5
hasty,5
conclude,5
steps,5
relating,5
ridicule,5
pretensions,5
insensibility,5
front,5
shared,5
designed,5
alacrity,5
pointed,5
discussion,5
sides,5
condescended,5
owe,5
censure,5
alarming,5
curious,5
teach,5
indulge,5
bought,5
melancholy,5
expenses,5
uttered,5
proceed,5
similar,5
wise,5
across,5
enumerating,5
moving,5
elsewhere,5
mere,5
exposing,5
bingleys,5
argument,5
correspondence,5
agitated,5
included,5
trees,5
treatment,5
approve,5
assert,5
expecting,5
deficient,5
summoned,5
reflect,5
diffidence,5
piece,5
providing,5
requiring,5
medium,5
places,5
humility,5
justified,5
materially,5
disgraceful,5
nay,5
forgot,5
estimation,5
refreshment,5
proposed,5
november,5
uncivil,5
trifle,5
reasons,5
adieu,5
talents,5
replacement,5
benefit,5
lodgings,5
anne,5
guest,5
disadvantage,5
uncommon,5
calm,5
song,5
restraint,5
stared,5
withdrew,5
valued,5
mortified,5
bed,5
accomplishments,5
checked,5
remains,5
accident,5
pressing,5
visits,5
putting,5
fully,5
coloured,5
entertain,5
recovering,5
limited,5
meanwhile,5
amuse,5
perform,5
trifling,5
weakness,5
thin,5
steward,5
mercenary,5
disgust,5
letting,5
presentation,5
nice,5
birth,5
defects,5
inferior,5
post,5
england,5
mode,5
fish,5
repeat,5
advanced,5
possess,5
declaration,5
evidently,5
posted,5
visiting,5
pianoforte,5
attendance,5
apologise,5
vestibule,5
liberal,5
solemn,5
endeavouring,5
mixture,5
nearer,5
won,5
jones,5
joining,5
finer,5
amazed,5
morrow,5
convenient,5
fearful,5
risk,5
pointing,5
imaginary,5
dead,5
start,5
measure,5
guess,5
held,5
strike,5
online,4
cautious,4
worked,4
withheld,4
procured,4
slightly,4
humbled,4
valley,4
grow,4
don,4
intelligent,4
rejected,4
charms,4
briefly,4
carter,4
attempted,4
throughout,4
furnish,4
meat,4
occurrences,4
management,4
senses,4
strangers,4
reproof,4
situated,4
lieu,4
requirements,4
kingdom,4
toward,4
buy,4
disguise,4
demand,4
copse,4
appears,4
debt,4
clapham,4
unpardonable,4
beauties,4
showing,4
thanking,4
luck,4
stream,4
unlikely,4
imputed,4
previous,4
benefited,4
format,4
gravely,4
entitled,4
honestly,4
affability,4
forcibly,4
recollecting,4
whilst,4
widely,4
page,4
ways,4
supposition,4
preserved,4
younge,4
quadrille,4
press,4
delightfully,4
affront,4
endured,4
houses,4
salutation,4
visited,4
viewing,4
succeeding,4
rejoicing,4
phaeton,4
unjust,4
obtained,4
interval,4
apply,4
wide,4
becomes,4
sufficient,4
shrubbery,4
scruple,4
enjoying,4
receipt,4
contemplation,4
rapidity,4
thinks,4
insolent,4
unnecessary,4
inconvenient,4
dissatisfied,4
animation,4
handsomest,4
unguarded,4
resent,4
fix,4
liveliness,4
affectionately,4
yield,4
careful,4
pains,4
infamy,4
damages,4
protesting,4
cruelty,4
fatigue,4
begins,4
reaching,4
nervous,4
defective,4
cherished,4
fifteen,4
scruples,4
promote,4
lives,4
harm,4
twelve,4
attack,4
ended,4
abominably,4
readiness,4
apologising,4
dread,4
minds,4
divided,4
defy,4
cordiality,4
suspicions,4
sad,4
distributed,4
amusing,4
prospects,4
points,4
designs,4
nerves,4
phrase,4
misunderstood,4
thursday,4
touched,4
flattering,4
decide,4
path,4
located,4
depart,4
water,4
contact,4
somewhere,4
forming,4
acutely,4
sport,4
prudence,4
confused,4
allusion,4
secured,4
coat,4
rain,4
simpleton,4
contrivance,4
sincerity,4
imagination,4
captain,4
dirty,4
awakened,4
execution,4
anticipated,4
deceive,4
studying,4
intelligible,4
occasioned,4
reasonably,4
editions,4
aside,4
catch,4
site,4
coolly,4
warn,4
unwelcome,4
disliked,4
decorum,4
history,4
austen,4
unwillingly,4
deliberation,4
clearly,4
status,4
perceiving,4
reject,4
attractions,4
conference,4
trace,4
blush,4
professed,4
slowly,4
drive,4
fancying,4
quickly,4
conceit,4
conjectures,4
grown,4
acceptance,4
announce,4
pale,4
injured,4
cruel,4
mark,4
lovers,4
activity,4
contented,4
displayed,4
hated,4
residence,4
headstrong,4
suspect,4
recommendation,4
promising,4
necessarily,4
deserves,4
witnessed,4
gravity,4
spread,4
flirt,4
proportion,4
copying,4
caprice,4
faults,4
preceding,4
misfortunes,4
newcastle,4
displeased,4
sorrow,4
infamous,4
affections,4
gentleness,4
follies,4
decidedly,4
behalf,4
thirty,4
dull,4
sunk,4
depended,4
mission,4
die,4
formidable,4
symptom,4
trade,4
exclaiming,4
higher,4
driving,4
calculated,4
assuring,4
happens,4
attempting,4
god,4
extravagance,4
dispatched,4
calmness,4
attribute,4
complain,4
stupidity,4
tempt,4
delivered,4
injustice,4
infinitely,4
freedom,4
hoping,4
examining,4
blessing,4
fishing,4
complacency,4
finish,4
tender,4
hastened,4
unworthy,4
feels,4
middle,4
unequal,4
extreme,4
absent,4
imposed,4
errors,4
forbid,4
luckily,4
fees,4
comforts,4
evenings,4
patronage,4
wisely,4
unconnected,4
lift,4
absolute,4
lower,4
repine,4
amidst,4
holder,4
heavy,4
prudent,4
betrayed,4
frankness,4
hints,4
insensible,4
reduced,4
entreaties,4
assisted,4
score,4
bell,4
unlike,4
tete,4
sleep,4
grandeur,4
blessed,4
abroad,4
employments,4
cheeks,4
excessive,4
arts,4
representation,4
creating,4
complaints,4
carrying,4
extravagant,4
cross,4
apartment,4
introducing,4
gratefully,4
examined,4
fatigued,4
fit,4
confirmed,4
wood,4
husbands,4
sickly,4
solitary,4
flow,4
confessed,4
court,4
incumbent,4
tired,4
ridiculous,4
walks,4
estates,4
gallery,4
require,4
shows,4
jealousy,4
solely,4
extensive,4
encouraging,4
june,4
perusal,4
size,4
started,4
convince,4
converse,4
experienced,4
supported,4
union,4
owing,4
accuse,4
pleasantly,4
accent,4
stop,4
instances,4
sole,4
lessen,4
killed,4
resist,4
art,3
positive,3
belonged,3
opposition,3
abundantly,3
disclaimer,3
dejection,3
render,3
intend,3
easiness,3
diversion,3
dropped,3
convenience,3
beholding,3
claimed,3
earlier,3
army,3
copied,3
existence,3
returns,3
affect,3
provoked,3
flutter,3
retired,3
implied,3
blaming,3
unconsciously,3
explaining,3
separated,3
wilful,3
vice,3
becoming,3
field,3
tidings,3
incredible,3
pen,3
openness,3
dying,3
betray,3
donate,3
reliance,3
wilfully,3
mischief,3
special,3
boy,3
quartered,3
ponies,3
sharing,3
faces,3
horse,3
inhabitants,3
offense,3
thorough,3
hurrying,3
involved,3
instructions,3
liability,3
alternative,3
detained,3
wounded,3
envy,3
regimentals,3
uncles,3
legal,3
incivility,3
resented,3
dearly,3
petticoat,3
inferiority,3
examination,3
widow,3
contentment,3
communicate,3
insignificance,3
belong,3
green,3
fallen,3
grievous,3
portion,3
tumult,3
stationed,3
growing,3
despaired,3
hackney,3
disinterested,3
lovely,3
minutely,3
guardianship,3
bless,3
quickness,3
candour,3
obeyed,3
sources,3
privileged,3
exact,3
characters,3
wandering,3
denied,3
saved,3
replying,3
repaired,3
agreeing,3
hot,3
overcame,3
admirable,3
accompany,3
research,3
handsomer,3
seeming,3
reputation,3
excepting,3
remark,3
bent,3
security,3
nuptials,3
ordinary,3
guilt,3
rude,3
grove,3
overlooked,3
falling,3
promises,3
interview,3
needless,3
failed,3
learned,3
desperate,3
intervals,3
substance,3
rector,3
per,3
powerful,3
fret,3
unfeeling,3
presumption,3
adorned,3
sheet,3
numerous,3
afternoon,3
busily,3
tongue,3
shaken,3
reader,3
selected,3
thoughtless,3
faithful,3
perpetually,3
needed,3
bidding,3
defiance,3
links,3
compared,3
withdrawn,3
attacks,3
remembrance,3
royalty,3
bit,3
suited,3
plague,3
writer,3
accomplishment,3
robinson,3
permitted,3
approved,3
devoted,3
existed,3
effectually,3
scenes,3
outside,3
group,3
determination,3
relative,3
building,3
banished,3
attorney,3
cruelly,3
officious,3
intrusion,3
hills,3
secondly,3
slighted,3
avowal,3
wonders,3
accusations,3
height,3
keeps,3
meanly,3
represent,3
assertion,3
sweetest,3
liable,3
willingly,3
struggles,3
impulse,3
hither,3
hair,3
genteel,3
ungenerous,3
partners,3
prosperity,3
likeness,3
ride,3
summons,3
later,3
notions,3
lament,3
applicable,3
detest,3
deigned,3
splendid,3
steadfastly,3
incredulous,3
pronounce,3
contrived,3
denial,3
unhappily,3
article,3
noise,3
punish,3
acting,3
vary,3
refrain,3
divide,3
entity,3
caution,3
muslin,3
destined,3
unconcern,3
proprietor,3
placing,3
lewis,3
boys,3
bowed,3
bordering,3
white,3
assertions,3
negative,3
successful,3
induce,3
whispering,3
forever,3
compose,3
contracted,3
submit,3
postscript,3
derivative,3
contrast,3
hospitality,3
unluckily,3
mantelpiece,3
bridge,3
undeserving,3
missed,3
move,3
pitied,3
user,3
observations,3
repetition,3
capital,3
pompous,3
deeper,3
speeches,3
defer,3
detached,3
maid,3
merry,3
official,3
fetch,3
suitable,3
confession,3
frivolous,3
remove,3
derive,3
moral,3
impudence,3
confident,3
red,3
season,3
encounter,3
camp,3
housekeeping,3
carefully,3
accounting,3
propose,3
arm,3
firm,3
listener,3
leads,3
accidentally,3
survive,3
email,3
singing,3
hereafter,3
complimented,3
composedly,3
pocket,3
wine,3
plans,3
awe,3
payments,3
provoking,3
intermission,3
presents,3
invaluable,3
pleasantness,3
joke,3
tendency,3
odious,3
preferment,3
extended,3
ascended,3
habits,3
performing,3
insupportable,3
bye,3
crowded,3
composed,3
inevitable,3
cordial,3
yielding,3
violence,3
continuance,3
built,3
courses,3
meditating,3
cordially,3
questioned,3
announced,3
overheard,3
discomposure,3
abusing,3
momentary,3
thoughtlessness,3
continual,3
lamentations,3
flight,3
shoot,3
anywhere,3
cease,3
stopping,3
offend,3
conversing,3
hesitation,3
revived,3
disgusted,3
gravel,3
olive,3
competition,3
hesitate,3
curtsey,3
descended,3
farewell,3
dignified,3
descent,3
considerably,3
miniatures,3
discharged,3
unreserved,3
save,3
despise,3
solicit,3
sisterly,3
skill,3
stupid,3
adopt,3
defend,3
hesitated,3
limitation,3
horrid,3
angel,3
improve,3
admirer,3
sinking,3
comprehended,3
containing,3
signify,3
epsom,3
provision,3
gross,3
decent,3
warranties,3
discussed,3
u,3
universally,3
oftener,3
apparent,3
liveliest,3
excite,3
irritation,3
annesley,3
safely,3
list,3
civilly,3
succeed,3
err,3
willingness,3
formality,3
silently,3
preferred,3
punctual,3
deprived,3
objectionable,3
secretly,3
respected,3
privilege,3
settling,3
answering,3
lot,3
easter,3
changing,3
attraction,3
restoration,3
dependent,3
voluntary,3
uniformly,3
oppose,3
ungracious,3
fool,3
suitableness,3
sensation,3
surely,3
recovery,3
peculiarly,3
condemn,3
measures,3
disdained,3
despised,3
contrive,3
accounts,3
noisy,3
steadily,3
review,3
until,3
travellers,3
intolerable,3
search,3
constantly,3
reprehensible,3
adapted,3
overpowered,3
communicated,3
died,3
colouring,3
northern,3
bonnet,3
sensations,3
waiter,3
preaching,3
patron,3
equipment,3
consistent,3
pursuing,3
disconcerted,3
paused,3
poorly,3
tickets,3
significant,3
glow,3
diverted,3
planned,3
relates,3
offenses,3
regular,3
procuring,3
purchased,3
acknowledgment,3
benevolence,3
walker,3
publicly,3
ate,3
agreeably,3
keenest,3
fingers,3
familiar,3
saving,3
envelope,3
owned,3
witness,3
incredulity,3
privately,3
prodigiously,3
jealous,3
striking,3
gaining,3
unassuming,3
lottery,3
bride,3
avowed,3
resolutely,3
tenderness,3
bound,3
obstinate,3
owns,3
fearing,3
impartial,3
slightest,3
sink,3
collected,3
removing,3
vouch,3
attach,3
indirect,3
attentively,3
nonsensical,3
generations,3
consult,3
objecting,3
stately,3
total,3
effects,3
burst,3
daily,3
universal,3
sly,3
accidental,3
glancing,3
paddock,3
advised,3
varied,3
respecting,3
affectation,3
drop,3
obligations,3
regarded,3
ramsgate,3
route,3
dismissed,3
advance,3
pitiable,3
integrity,3
conceive,3
regrets,3
overthrown,3
scattered,3
haughty,3
complied,3
pretending,3
judged,3
applying,3
message,3
poultry,3
guessed,3
punctually,3
happier,3
lasted,3
banish,3
politely,3
wonderful,3
adds,3
perseverance,3
paragraphs,3
ceremonious,3
serenity,3
overlook,3
alliance,3
scandalous,3
offending,3
misunderstand,3
grieve,3
inviting,3
condition,3
march,3
disappointing,3
rationally,3
reflected,3
unfortunately,3
tables,3
offering,3
unexpectedly,3
solitude,3
rewarded,3
unwillingness,3
wealth,3
assume,3
worthy,3
addressing,3
decease,3
cool,3
manage,3
awkwardness,3
rapid,3
conscious,3
exclamations,3
consoling,3
raising,3
faulty,3
unsettled,3
amusements,3
qualified,3
handed,3
urgent,3
justly,3
s,3
overspread,3
reserves,3
recital,3
sermons,3
gloom,3
shan,3
poetry,2
doubts,2
persist,2
earl,2
involving,2
courted,2
abruptness,2
apprehensions,2
speedy,2
unavailing,2
include,2
detain,2
sanguine,2
prepossession,2
watch,2
farm,2
intricate,2
duties,2
slow,2
settlement,2
falls,2
remedy,2
wink,2
familiarity,2
begun,2
sermon,2
milliner,2
suspended,2
cautioning,2
absurdities,2
space,2
worthless,2
carelessness,2
duplicity,2
smilingly,2
critical,2
holding,2
instruction,2
discouraged,2
whither,2
wondering,2
imaginable,2
distrust,2
livery,2
saloon,2
meets,2
favourably,2
reel,2
loveliness,2
discredit,2
weighed,2
abominate,2
earnestness,2
deceiving,2
performer,2
stated,2
exposed,2
regardless,2
prettier,2
somehow,2
throwing,2
pratt,2
injurious,2
conjectured,2
infinite,2
vanilla,2
wet,2
wretchedness,2
ensued,2
admires,2
involve,2
uncertain,2
ascertain,2
trial,2
rallied,2
exerted,2
variation,2
essential,2
everywhere,2
deficiency,2
vulgar,2
loudly,2
tenants,2
meditated,2
commanded,2
rise,2
creditable,2
intentionally,2
merited,2
abusive,2
abruptly,2
charmingly,2
anecdote,2
originally,2
speaks,2
exclusion,2
wandered,2
narrowly,2
involuntarily,2
idleness,2
royalties,2
shape,2
regretting,2
spiritless,2
cheering,2
affronted,2
fretfully,2
covered,2
collecting,2
solidity,2
unaffectedly,2
comparative,2
embracing,2
induced,2
incessantly,2
toilette,2
nephews,2
explicit,2
thereupon,2
directing,2
disclaim,2
daring,2
completed,2
based,2
refreshing,2
fortunately,2
liberally,2
doubtless,2
tradesman,2
trespass,2
resolve,2
dinners,2
inheriting,2
surrounding,2
forgetting,2
presently,2
crying,2
whichever,2
modest,2
testimony,2
discuss,2
station,2
passages,2
gain,2
stating,2
gouldings,2
computers,2
fourth,2
guidance,2
disgracing,2
veracity,2
humanity,2
fonder,2
fashions,2
envied,2
cast,2
eloquent,2
suggest,2
ecstasy,2
sanctioned,2
congratulated,2
genuine,2
strenuously,2
loving,2
prone,2
presented,2
godson,2
innocent,2
expedient,2
subsisted,2
duration,2
lesson,2
mixed,2
covering,2
invariably,2
offence,2
statement,2
correspondent,2
miraculous,2
derived,2
governed,2
regulars,2
undergone,2
obtaining,2
ingenious,2
amply,2
tranquil,2
noon,2
sheltered,2
stone,2
title,2
borrow,2
shyness,2
indelicacy,2
wounding,2
vague,2
flew,2
barnet,2
registered,2
destroy,2
departed,2
soup,2
arrive,2
improper,2
inattention,2
suffering,2
prevailing,2
action,2
doubting,2
whence,2
awful,2
shaking,2
guide,2
practises,2
unjustly,2
body,2
warranty,2
upper,2
awake,2
obstacles,2
excuses,2
suppressed,2
checking,2
protection,2
resentfully,2
range,2
surmise,2
studied,2
parcels,2
parade,2
genius,2
stretch,2
generality,2
vexatious,2
ours,2
legally,2
horseback,2
shameful,2
warehouses,2
christian,2
loo,2
disrespect,2
unnatural,2
coachman,2
contributions,2
amendment,2
offensive,2
authorised,2
physical,2
stiffness,2
precipitance,2
animated,2
hitherto,2
treasure,2
unhappiness,2
condole,2
annum,2
depending,2
exasperate,2
flirtation,2
alas,2
moderation,2
censured,2
unembarrassed,2
footing,2
inattentive,2
pecuniary,2
enabled,2
excel,2
destroyed,2
spoilt,2
shy,2
embraced,2
conjecturing,2
model,2
entreated,2
scrupled,2
incomprehensible,2
consulted,2
licence,2
amazing,2
lasting,2
irritable,2
laying,2
courtship,2
poverty,2
setting,2
missent,2
perplexity,2
sigh,2
maternal,2
forms,2
reconciled,2
comfortably,2
reluctant,2
passion,2
concealment,2
expeditiously,2
alternate,2
hypocritical,2
mouths,2
volume,2
tenderly,2
lodges,2
repressed,2
purchases,2
thereby,2
triumphantly,2
deepest,2
inconsistencies,2
assented,2
behaves,2
sending,2
resentful,2
ensure,2
pretended,2
suppress,2
decency,2
federal,2
hide,2
arrested,2
excused,2
peevish,2
anguish,2
distracted,2
decline,2
wonderfully,2
accosted,2
screen,2
condemned,2
failing,2
awed,2
dated,2
requested,2
yawn,2
closest,2
originated,2
whims,2
articles,2
school,2
anxiously,2
meetings,2
knighthood,2
illness,2
serve,2
conjugal,2
possessed,2
firmest,2
crossing,2
sketch,2
rejection,2
females,2
denoted,2
similarity,2
discern,2
impose,2
astonish,2
intrude,2
hearty,2
singular,2
reconciliation,2
compatible,2
perfections,2
sharp,2
accordance,2
soliciting,2
affording,2
promoting,2
circumspection,2
sparkled,2
staircase,2
inflict,2
dilatory,2
ere,2
gloomy,2
adieus,2
employees,2
moderate,2
polished,2
quarreling,2
disturbed,2
gathered,2
longing,2
worldly,2
instinctively,2
yourselves,2
indolence,2
conquest,2
purport,2
mistakes,2
accused,2
anonymous,2
characteristic,2
masters,2
punctuality,2
apparently,2
transports,2
rapturous,2
creditors,2
west,2
maintained,2
traced,2
depressed,2
flying,2
unwell,2
indulged,2
rapidly,2
distinguish,2
retained,2
humiliation,2
remind,2
conveyed,2
seats,2
exert,2
explanations,2
updated,2
michaelmas,2
plead,2
hastening,2
foreseen,2
consciousness,2
sons,2
rudeness,2
brothers,2
dwell,2
etiquette,2
slyness,2
aloof,2
atonement,2
examine,2
rattle,2
intruding,2
occupy,2
avoiding,2
breast,2
passage,2
informing,2
fretfulness,2
mortal,2
effusions,2
reports,2
consoled,2
landlord,2
thoroughly,2
city,2
extracts,2
exhibition,2
paltry,2
praises,2
partly,2
lagged,2
birds,2
discontented,2
deferred,2
dark,2
resistance,2
ample,2
testified,2
elevated,2
comprised,2
ascii,2
thirdly,2
interrupting,2
discharging,2
springing,2
leaves,2
threadbare,2
conducted,2
partake,2
thoughtfulness,2
assemblies,2
compassionate,2
dialogue,2
obstinacy,2
requesting,2
double,2
preservation,2
break,2
effusion,2
unaccountable,2
obtruded,2
transactions,2
dreadfully,2
sakes,2
deserving,2
familiarly,2
forwarded,2
ingenuity,2
edged,2
rage,2
tide,2
doubtful,2
players,2
unconcerned,2
pure,2
pledged,2
august,2
employ,2
reputed,2
widest,2
begging,2
restrain,2
pitiful,2
contradict,2
humiliating,2
grievances,2
conquer,2
matlock,2
file,2
tease,2
revenge,2
beloved,2
woody,2
reference,2
haggerston,2
shake,2
ankles,2
counteracted,2
fairly,2
acquaint,2
neglecting,2
elapsed,2
audience,2
pleasantry,2
circulation,2
memories,2
bitterly,2
apologised,2
grand,2
defence,2
hereabouts,2
staid,2
bordered,2
detection,2
improves,2
formats,2
consulting,2
discernment,2
anticipating,2
pursued,2
painfully,2
w,2
bold,2
substantial,2
correct,2
perturbation,2
gaiety,2
liking,2
continuing,2
abide,2
satin,2
tiresome,2
hates,2
grief,2
cares,2
adventure,2
slave,2
prejudices,2
electronically,2
advantageous,2
fell,2
malicious,2
preparations,2
accounted,2
bearing,2
acquired,2
teased,2
discourage,2
rejecting,2
joyful,2
edge,2
ugly,2
accustomed,2
endless,2
worn,2
winking,2
brilliancy,2
subsisting,2
delights,2
comparatively,2
boasted,2
oppressed,2
rapture,2
recommending,2
damage,2
pauses,2
fruits,2
fight,2
feverish,2
vast,2
caring,2
ardently,2
harriet,2
banks,2
redistributing,2
references,2
nine,2
incensed,2
reproached,2
defined,2
celebrated,2
chambermaid,2
pleasanter,2
praised,2
stands,2
affirmative,2
broke,2
favourites,2
forgiveness,2
pleases,2
arranging,2
detaining,2
captivating,2
ruined,2
seized,2
pair,2
soul,2
vent,2
unfit,2
loose,2
market,2
excellence,2
restored,2
bears,2
indignant,2
coldly,2
disengaged,2
varying,2
redistribution,2
wickedness,2
storm,2
appetite,2
guided,2
despising,2
precipitate,2
playful,2
convey,2
mansion,2
class,2
cheerfully,2
observer,2
recalled,2
apothecary,2
expressive,2
pressed,2
attracted,2
fronted,2
exciting,2
intellectual,2
readable,2
feature,2
fellows,2
infancy,2
representing,2
revealed,2
guilty,2
void,2
wore,2
amount,2
playfulness,2
mirth,2
around,2
exercising,2
disposal,2
bottle,2
scotch,2
intimately,2
atone,2
rob,2
draughts,2
affinity,2
happening,2
personal,2
malice,2
price,2
michael,2
goes,2
recall,2
resignation,2
acknowledgments,2
inconveniences,2
glimpse,2
pausing,2
contribute,2
vindication,2
exempt,2
archly,2
rule,2
brightest,2
concurrence,2
breaking,2
parasol,2
sphere,2
experience,2
manor,2
careless,2
confirming,2
born,2
pales,2
spots,2
penetration,2
mount,2
fastidious,2
custom,2
prior,2
cleared,2
flirting,2
kissed,2
loves,2
dr,2
pack,2
laughingly,2
appeal,2
curricle,2
consisted,2
greatness,2
vanished,2
precious,2
unjustifiable,2
confidante,2
educated,2
comparing,2
boundary,2
concisely,2
discomposed,2
prosperous,2
loud,2
fate,2
commencement,2
lifted,2
rode,2
misrepresented,2
trusting,2
rightly,2
files,2
computer,2
breath,2
canvassed,2
acute,2
apologies,2
vivacity,2
weary,2
disadvantages,2
connect,2
hat,2
dutifully,2
discharge,2
violation,2
concept,2
convert,2
sign,2
describing,2
confiding,2
development,2
accents,2
inspection,2
expressively,2
scolding,2
beheld,2
intently,2
immovable,2
warmest,2
housemaid,2
repaid,2
remembering,2
reproofs,2
retirement,2
allusions,2
accompanying,2
misconduct,2
gardener,2
irksome,2
gratify,2
presuming,2
befall,2
neatness,2
b,2
yielded,2
dirt,2
nicholls,2
behave,2
acquit,2
singled,2
grosvenor,2
occurring,2
deceitful,2
shade,2
profit,2
unfelt,2
handsomely,2
estimable,2
stout,2
studies,2
portraits,2
mountains,2
previously,2
costs,2
abuse,2
assisting,2
protect,2
whatsoever,2
sharpened,2
descending,2
answerable,2
sadly,2
january,2
panegyric,2
exceeded,2
scarlet,2
quarters,2
mornings,2
dispute,2
prevail,2
prey,2
prominently,2
determining,2
blue,2
unite,2
startled,2
preservative,2
older,2
dropt,2
smart,2
owes,2
calculate,2
insincere,2
planning,2
independent,2
release,2
favours,2
unsuitable,2
existing,2
gretna,2
mildness,2
gowns,2
gay,2
neighbouring,2
cheapside,2
se,2
pages,2
bows,2
admiring,2
decisive,2
allowance,2
negligence,2
named,2
honours,2
gaieties,2
solicitation,2
acquiescence,2
sufferings,2
abused,2
pieces,2
fixing,2
positively,2
consequential,2
arranged,2
specified,2
quieted,2
modern,2
presume,2
disappoint,2
shock,2
advantageously,2
goodwill,2
undo,2
drily,2
finest,2
apartments,2
alive,2
marks,2
excess,2
ramble,2
coarseness,2
struggled,2
kinder,2
temptations,2
termination,2
rules,2
backgammon,2
sensibility,2
neglected,2
opportunities,2
talent,2
unforgiving,2
gates,2
triumphant,2
printed,2
desiring,2
maintaining,2
deserts,2
commended,2
breathless,2
liberality,2
signal,2
evenness,2
indignity,2
watchfulness,2
brink,2
permanent,2
suspecting,2
sensibly,2
finery,2
consented,2
persisted,2
wound,2
inspired,2
gaily,2
relieve,2
meditate,2
ornaments,2
founded,2
fainter,2
locations,2
restrictions,2
exclamation,2
possessor,2
doings,2
judging,2
unfavourable,2
injure,2
judgment,2
detected,2
laughter,2
disinclination,2
uniform,2
stroke,2
theirs,2
www,2
quality,2
derision,2
narrow,2
indisposed,2
renewing,2
brain,2
deliberately,2
collect,2
phillipses,2
tear,2
distinguishing,2
eating,2
turns,2
alike,2
hart,2
blinded,2
essentials,2
striving,2
cough,2
supplied,2
bitter,2
courtesy,2
puzzle,2
additions,2
symptoms,2
inconsistency,2
headache,2
authoritative,2
fare,2
imitation,1
solaced,1
premeditated,1
elevate,1
destitute,1
lieutenant,1
gratification,1
pools,1
coaxed,1
intermarriage,1
reanimated,1
singling,1
unavoidably,1
irreligious,1
superseded,1
concluding,1
biting,1
tortured,1
insipid,1
ingratitude,1
productive,1
quarreled,1
oddly,1
reverting,1
imputing,1
noticing,1
surveying,1
construed,1
filled,1
irretrievable,1
sequel,1
scorn,1
distributor,1
staff,1
cook,1
arguing,1
surrounded,1
haunt,1
growth,1
blamelessness,1
sentences,1
lies,1
travelled,1
hating,1
admitting,1
tires,1
eligibility,1
dishes,1
romantic,1
accusation,1
overthrow,1
diminution,1
flaming,1
levelled,1
incur,1
countries,1
obsolete,1
fairbanks,1
jumping,1
port,1
dozen,1
invariable,1
awoke,1
mischievously,1
faculties,1
dispirited,1
philips,1
unlink,1
periodic,1
netting,1
pleasantest,1
disbelieving,1
subsided,1
harmony,1
strongest,1
propensities,1
hence,1
outstrip,1
frankly,1
surmises,1
performs,1
veneration,1
undertaken,1
triumphing,1
savours,1
deportment,1
acrimony,1
safest,1
production,1
foxhounds,1
piquet,1
rashness,1
sofas,1
transferred,1
imply,1
chamberlayne,1
disclosure,1
repined,1
bewildered,1
inconceivable,1
vacancy,1
irrevocably,1
mien,1
slept,1
eminent,1
grouped,1
verily,1
invent,1
motion,1
inexhaustible,1
insignificant,1
counterpart,1
local,1
perturbed,1
soldiers,1
scale,1
repugnant,1
nectarines,1
pronouncing,1
speediest,1
expend,1
financial,1
apt,1
october,1
conscientious,1
forgave,1
possessing,1
professing,1
disappointments,1
appeased,1
unusual,1
morality,1
nominally,1
childhood,1
parental,1
tend,1
hasten,1
rapturously,1
utf,1
assent,1
precision,1
negatived,1
unstudied,1
inmates,1
derives,1
boisterously,1
instructed,1
superlatively,1
extorted,1
disinclined,1
presumed,1
termed,1
congratulatory,1
practically,1
meanness,1
overtures,1
obsequiousness,1
firmness,1
billiard,1
giddiness,1
encamped,1
tastes,1
dove,1
borrowed,1
aspire,1
sarcastic,1
dispositions,1
vogue,1
unrestrained,1
comfortless,1
stubbornness,1
subsequent,1
alighted,1
losing,1
brightening,1
eastbourne,1
resentments,1
upbraiding,1
interfering,1
unfrequently,1
sheets,1
lobby,1
sarah,1
consequent,1
cherish,1
healthy,1
eclat,1
declares,1
venting,1
balm,1
agent,1
starting,1
gracefully,1
ridiculing,1
inherit,1
fervent,1
drinking,1
chin,1
sea,1
enjoyments,1
muslins,1
originate,1
overflows,1
modified,1
commerce,1
hinted,1
indulgent,1
interpose,1
turnpike,1
pictures,1
discontinuance,1
contradicted,1
gradual,1
revenue,1
instituted,1
recommenced,1
curtseyed,1
safety,1
impassable,1
mix,1
intruder,1
avenue,1
beneficial,1
shoes,1
luncheon,1
drawings,1
fortitude,1
palliation,1
fat,1
endeared,1
dislikes,1
misleads,1
insists,1
deduced,1
discernible,1
guardians,1
mingled,1
magnitude,1
depravity,1
resigning,1
firmly,1
crammed,1
disheartened,1
graceful,1
puzzled,1
insulted,1
assistant,1
mince,1
carved,1
colder,1
larder,1
unbecoming,1
dishonourable,1
persuasions,1
contrariwise,1
yawned,1
process,1
recommendations,1
stirs,1
stepping,1
unfold,1
unpleasantly,1
invectives,1
supplication,1
viewed,1
sang,1
disagreement,1
duped,1
rendering,1
revenging,1
squeamish,1
eminence,1
untouched,1
ardent,1
horrible,1
duel,1
occurs,1
breathed,1
stability,1
pleaded,1
positions,1
sleeping,1
shewed,1
heretofore,1
non,1
weaknesses,1
perforce,1
consists,1
essence,1
glazing,1
anecdotes,1
congenial,1
repress,1
enlarging,1
decamping,1
bodies,1
wits,1
hotels,1
prohibited,1
tricks,1
cheat,1
corporation,1
originator,1
watson,1
physicians,1
heal,1
languor,1
newspaper,1
rushed,1
notifies,1
wasting,1
needlessly,1
shelves,1
popular,1
miller,1
adoration,1
newly,1
affliction,1
alleviate,1
rested,1
burning,1
charity,1
performances,1
stays,1
confidential,1
dishonesty,1
shoe,1
ostentatious,1
ante,1
conversed,1
retaining,1
augment,1
oaks,1
afflicted,1
afflicting,1
shield,1
liberties,1
indemnity,1
charities,1
societies,1
headquarters,1
dictatorial,1
sneer,1
forfeit,1
arch,1
chanced,1
commiseration,1
fearless,1
silenced,1
abhorrent,1
facility,1
emphatic,1
adept,1
timed,1
tithes,1
bewailed,1
nods,1
mixing,1
mischance,1
attained,1
apace,1
lock,1
tent,1
apprehended,1
environs,1
disclose,1
forwards,1
compromised,1
ineffectual,1
codes,1
hardest,1
extenuating,1
nettled,1
decked,1
scampering,1
laconic,1
graces,1
suspend,1
murmurs,1
inmate,1
healthful,1
practised,1
degradation,1
realised,1
imparted,1
bosoms,1
blemish,1
commercial,1
alleviated,1
elevation,1
mouth,1
shorter,1
benefiting,1
overruled,1
diligence,1
irremediable,1
ambition,1
heartfelt,1
newsletter,1
subjection,1
dictates,1
consistency,1
chamber,1
hatfield,1
cutting,1
secluded,1
gladly,1
regretted,1
tranquilly,1
inherited,1
rites,1
superintendence,1
vows,1
hotel,1
mature,1
healthfulness,1
struggle,1
unprincipled,1
overset,1
ridge,1
vigorously,1
jumped,1
strangely,1
coughs,1
piling,1
counting,1
uncompanionable,1
instability,1
refute,1
communications,1
carpets,1
aroused,1
criticisms,1
eloping,1
housemaids,1
inaccurate,1
stress,1
jumps,1
bracelets,1
amazes,1
envying,1
predominance,1
steadiness,1
woe,1
consolatory,1
terrific,1
disturb,1
main,1
energetic,1
expostulation,1
treasured,1
prompted,1
vicious,1
monthly,1
teaching,1
weep,1
kiss,1
jewel,1
develop,1
inoffensive,1
unaware,1
savage,1
inspiring,1
graciousness,1
songs,1
recreation,1
pressingly,1
counterbalance,1
prodigious,1
pretence,1
probabilities,1
uncontrolled,1
dale,1
condolence,1
valid,1
fidgets,1
granted,1
authorized,1
orderly,1
tongues,1
ruining,1
connivance,1
pyramids,1
apprehending,1
panting,1
preparation,1
cooks,1
dissuaded,1
strict,1
stoutly,1
commonest,1
succession,1
eyeing,1
disapprove,1
doorway,1
henceforth,1
chatsworth,1
top,1
strikingly,1
sixpence,1
obey,1
burnt,1
revolution,1
promotion,1
seven,1
courteous,1
performers,1
possesses,1
puffed,1
parishioners,1
dreading,1
inexpressible,1
cents,1
thwarted,1
decorums,1
landing,1
enforced,1
mediocrity,1
perceptible,1
frisks,1
spreading,1
unacknowledged,1
silliest,1
dissuade,1
procure,1
allowable,1
intermediate,1
irregularity,1
farmhouse,1
provisions,1
buying,1
handwriting,1
asperity,1
constitution,1
degenerate,1
assiduous,1
costing,1
operated,1
swallowed,1
eccentric,1
popularity,1
mayoralty,1
swell,1
gentlewoman,1
assumed,1
airing,1
butcher,1
disclaimers,1
morris,1
disservice,1
mutually,1
artful,1
avarice,1
denying,1
rescue,1
upbraided,1
chagrin,1
eloped,1
farthing,1
precluding,1
arrangements,1
industriously,1
transcription,1
adhering,1
eyelashes,1
utterly,1
posterity,1
maintain,1
foresaw,1
impolitic,1
avoidance,1
darting,1
damp,1
guinea,1
generously,1
tacit,1
dismay,1
reverie,1
insipidity,1
differ,1
hug,1
heiress,1
unnecessarily,1
contains,1
bounds,1
suspicious,1
sized,1
affable,1
insinuating,1
palatable,1
persisting,1
educational,1
topics,1
grace,1
indecision,1
captivated,1
indelicate,1
vow,1
enraged,1
loveliest,1
comforted,1
stroll,1
participation,1
prided,1
grapes,1
bribe,1
gossiping,1
quarrelling,1
infringement,1
ductility,1
throat,1
device,1
taciturn,1
backwards,1
intervene,1
professor,1
surpassing,1
guardian,1
illustration,1
pang,1
conjunction,1
faint,1
foretold,1
trait,1
plays,1
imitated,1
proceedings,1
frame,1
premeditation,1
assiduously,1
machine,1
includes,1
rightful,1
capacity,1
syllables,1
forfeited,1
venturing,1
controverted,1
masterly,1
reconciling,1
injunctions,1
discontentedness,1
refrained,1
friendless,1
traces,1
overtook,1
benches,1
forbore,1
circulated,1
discontinue,1
exists,1
director,1
resides,1
godfather,1
equals,1
enemies,1
paining,1
race,1
mystery,1
seduction,1
blown,1
licensed,1
author,1
vexing,1
sixth,1
ornament,1
miserly,1
superintends,1
flowing,1
pigs,1
quantity,1
resounding,1
injuries,1
content,1
intimation,1
tackle,1
haunch,1
rant,1
downloading,1
refinements,1
intrepidity,1
bare,1
ham,1
spleen,1
plate,1
fullest,1
realities,1
elderly,1
reporting,1
disposing,1
stockings,1
messages,1
talks,1
universities,1
stuffy,1
tries,1
concealing,1
shopping,1
desertion,1
amiss,1
blow,1
retains,1
solid,1
rained,1
minutest,1
disgusting,1
unquestionably,1
nowhere,1
monotonous,1
fetched,1
casual,1
mismanagement,1
uselessly,1
discerning,1
unpleasing,1
super,1
vex,1
specific,1
coughing,1
stupider,1
compass,1
pool,1
proclaim,1
doleful,1
meadows,1
nearness,1
wantonly,1
influenced,1
nicest,1
manager,1
slit,1
calico,1
stoke,1
postponed,1
kitchen,1
omit,1
deservedly,1
proficient,1
concise,1
avoided,1
implicitness,1
fervently,1
unavoidable,1
licentiousness,1
dispense,1
detail,1
charitable,1
wives,1
inches,1
fame,1
bequest,1
chances,1
avail,1
cleanse,1
hundreds,1
irritated,1
shillings,1
profess,1
accusing,1
quarrelsome,1
struggling,1
provocations,1
communicativeness,1
spanish,1
seclusion,1
circles,1
soothe,1
hackneyed,1
warned,1
anticipate,1
cows,1
forwarding,1
undertaking,1
pulvis,1
residing,1
hermitage,1
strictly,1
journeys,1
rencontre,1
swelling,1
formation,1
revered,1
mess,1
delicious,1
alarms,1
capers,1
resign,1
earth,1
incomplete,1
types,1
gathering,1
injunction,1
enumeration,1
livings,1
unfolding,1
detestable,1
heads,1
repel,1
calls,1
parent,1
waste,1
cheap,1
gbnewby,1
commendable,1
unwearying,1
uproar,1
waived,1
unnaturally,1
fields,1
clouded,1
chaperon,1
uniformity,1
canvas,1
recognizing,1
sighed,1
belonging,1
protest,1
luckiest,1
clock,1
starve,1
portrait,1
qualification,1
outdone,1
dictating,1
emptiness,1
admittance,1
french,1
brooking,1
unblemished,1
compilation,1
talker,1
projected,1
expects,1
charged,1
honest,1
incautiously,1
courier,1
constancy,1
illustrious,1
maximum,1
impressed,1
crushing,1
stirring,1
lastly,1
survivor,1
shortness,1
acutest,1
histories,1
resource,1
distraction,1
commissioned,1
handkerchief,1
trembling,1
unpretending,1
flutterings,1
closer,1
victim,1
invention,1
equipage,1
duets,1
vouchsafed,1
amaze,1
rises,1
indispensably,1
backed,1
passions,1
thirteen,1
covies,1
upstart,1
exporting,1
indemnify,1
paperwork,1
censuring,1
exquisite,1
cheating,1
oddities,1
minuteness,1
despicably,1
warwick,1
stretching,1
learning,1
retrospective,1
captivate,1
ensuring,1
satirical,1
divert,1
reverse,1
superintended,1
coats,1
signs,1
hardships,1
wickedest,1
pin,1
proprietary,1
profits,1
exaggeration,1
enduring,1
amid,1
applies,1
informs,1
gamester,1
attics,1
expence,1
innocence,1
network,1
celerity,1
inferences,1
apparel,1
regulated,1
decisions,1
junior,1
nasty,1
employing,1
authorise,1
fortunes,1
impenetrably,1
exclude,1
fidget,1
congratulation,1
conditional,1
separates,1
defection,1
inflicted,1
stepped,1
shift,1
mortifications,1
joking,1
obsequious,1
mississippi,1
imperfection,1
surest,1
hardship,1
military,1
inevitably,1
repentance,1
bottom,1
inured,1
detaching,1
feather,1
trembled,1
confederacy,1
piqued,1
persevering,1
reckoned,1
overcoming,1
befriended,1
disagreeably,1
labour,1
glass,1
pour,1
sympathise,1
counted,1
forwarder,1
infatuation,1
shrug,1
vulgarity,1
e,1
despite,1
catching,1
heirs,1
unkindness,1
wave,1
forgets,1
intimidate,1
warrant,1
gayer,1
grievously,1
dictate,1
attendants,1
goulding,1
september,1
edward,1
undervalued,1
bills,1
nothingness,1
cunning,1
enable,1
persevered,1
shine,1
antagonist,1
crowd,1
perverse,1
detailed,1
volubility,1
alluding,1
pathetic,1
oxford,1
frighted,1
finances,1
lowness,1
sedate,1
charges,1
lake,1
trimming,1
footman,1
accuracy,1
nothings,1
broad,1
brotherly,1
therein,1
contrariety,1
doubly,1
ceaseless,1
fluctuating,1
roasted,1
instantaneous,1
unalterable,1
harmless,1
studier,1
heighten,1
scope,1
conciliatory,1
persists,1
smoothly,1
repressing,1
trunks,1
absurdity,1
agitations,1
rival,1
importuned,1
principles,1
accessible,1
cover,1
italian,1
alienated,1
unheard,1
plainer,1
awaited,1
destructive,1
trunk,1
richly,1
overspreading,1
nightcap,1
prettyish,1
indirectly,1
tallest,1
selecting,1
withdrawing,1
transport,1
managed,1
taxes,1
airs,1
sell,1
insufferably,1
willfully,1
complaisant,1
inhumanity,1
imperturbably,1
footstool,1
thankfulness,1
conciliate,1
campful,1
escaping,1
streets,1
inadequate,1
enemy,1
brevity,1
miserably,1
oppressively,1
indicate,1
purse,1
animal,1
richard,1
unsocial,1
inspires,1
neat,1
cultivation,1
trepidation,1
accede,1
doubled,1
print,1
edition,1
sonnet,1
train,1
impurities,1
dawson,1
barouche,1
brow,1
repose,1
clearing,1
loser,1
simpers,1
fluently,1
executive,1
dangerous,1
studious,1
gaped,1
facts,1
gets,1
transient,1
undeceive,1
diffuse,1
wander,1
womanly,1
plentiful,1
repented,1
shades,1
donation,1
westerham,1
unattended,1
unshaken,1
stiffly,1
unallied,1
detach,1
proofread,1
shops,1
mounting,1
injury,1
corroboration,1
encumbrance,1
authorising,1
embargo,1
coarse,1
lighted,1
humoured,1
foot,1
ducks,1
candid,1
witticisms,1
indiscreet,1
deception,1
condescendingly,1
shrink,1
appointment,1
springs,1
virus,1
deletions,1
alter,1
propitious,1
demean,1
rivals,1
periods,1
guiding,1
bowing,1
insulting,1
sedateness,1
peculiarity,1
p,1
annexed,1
invalid,1
burying,1
unseldom,1
feelingly,1
retailing,1
advising,1
knees,1
villainous,1
uncertainty,1
revolt,1
cradles,1
inexpressibly,1
remainder,1
science,1
waking,1
challenge,1
conversible,1
separately,1
cup,1
aunts,1
lanes,1
melan,1
irs,1
figures,1
respectful,1
christening,1
bid,1
informality,1
arriving,1
steadfast,1
fluttered,1
mistrust,1
sprang,1
deter,1
falsely,1
sleepless,1
consenting,1
britain,1
impudent,1
unsuccessfully,1
respective,1
repelled,1
data,1
internal,1
pliancy,1
painter,1
hearers,1
condescends,1
disinterestedness,1
jestingly,1
runs,1
proudest,1
conceals,1
colds,1
lease,1
angrily,1
maiden,1
gaze,1
jokes,1
conditions,1
fulfil,1
saucy,1
filling,1
deductible,1
vingt,1
ear,1
speaker,1
calculation,1
ordained,1
importing,1
whispered,1
discompose,1
varieties,1
forego,1
dispose,1
latest,1
obligingly,1
depends,1
elated,1
coincided,1
puddles,1
atoned,1
alterations,1
circulating,1
misused,1
grossest,1
liverpool,1
drooping,1
earthly,1
butler,1
sorely,1
benevolent,1
belongs,1
darling,1
neices,1
fifth,1
riding,1
proxy,1
sallied,1
thoughtful,1
justification,1
beauteous,1
exigence,1
posting,1
unworthily,1
yawning,1
social,1
john,1
afresh,1
coppice,1
stole,1
speculation,1
venison,1
innocently,1
incidental,1
problem,1
blowsy,1
adhered,1
encroaching,1
dispelling,1
sleeves,1
separating,1
comprehension,1
yards,1
indicated,1
thence,1
glove,1
violated,1
merchantibility,1
failure,1
paint,1
prompt,1
fewer,1
corruption,1
interpreted,1
salt,1
unshackled,1
strictures,1
captivation,1
retail,1
palings,1
cautiousness,1
considerations,1
papers,1
enabling,1
petition,1
imposing,1
publish,1
unreserve,1
relinquish,1
played,1
scarce,1
infliction,1
scorned,1
battled,1
unenforceability,1
superciliousness,1
glowing,1
brightened,1
impulses,1
despair,1
glory,1
instructing,1
retreating,1
advancement,1
stretched,1
imitate,1
fighting,1
blacken,1
retrospections,1
array,1
suffers,1
harp,1
exhausted,1
lad,1
desert,1
meditations,1
gentlest,1
gaudy,1
clarke,1
argued,1
illiterate,1
perseveringly,1
elevating,1
humbling,1
lawfully,1
seizing,1
insisted,1
officiousness,1
remedies,1
blots,1
devoting,1
tempered,1
wisdom,1
unimportant,1
groundwork,1
unknowingly,1
unprofitable,1
abiding,1
answers,1
proportioned,1
deciding,1
actuated,1
deserted,1
enormity,1
requited,1
spiteful,1
exaggerate,1
prognostics,1
brings,1
fender,1
perusing,1
conveying,1
grasp,1
immoral,1
obeisance,1
lurking,1
dazzling,1
kenilworth,1
economically,1
current,1
subscribe,1
disclosed,1
commendations,1
lingering,1
restoring,1
unintelligible,1
dictated,1
annual,1
gulf,1
dupe,1
wilderness,1
heavens,1
regarding,1
scheming,1
clump,1
frost,1
consigned,1
friendlier,1
limits,1
instruct,1
ached,1
variance,1
stanzas,1
angelic,1
displease,1
unalloyed,1
verdure,1
lend,1
profusion,1
feathers,1
backward,1
hursts,1
rambled,1
diffuseness,1
dose,1
clergy,1
disobliging,1
feet,1
sloping,1
ensuing,1
cassino,1
staggered,1
unsuspicious,1
improprieties,1
foresee,1
barbarous,1
hushed,1
net,1
prized,1
favoured,1
strangeness,1
theatres,1
detect,1
exuberance,1
shew,1
detested,1
supercilious,1
verses,1
win,1
choosing,1
hesitating,1
sacrificed,1
misled,1
meanest,1
narrowest,1
gloried,1
turnpikes,1
negligent,1
ashworth,1
april,1
generation,1
disregarded,1
pictured,1
proverb,1
revive,1
beaux,1
fresher,1
coincide,1
undiminished,1
noblest,1
uniting,1
redistribute,1
quieter,1
beforehand,1
musical,1
undervaluing,1
flat,1
disrespectful,1
british,1
pretense,1
circumspect,1
proficiency,1
tractable,1
sings,1
circuit,1
uppermost,1
bitterest,1
comprise,1
lustre,1
wavering,1
premises,1
modification,1
identification,1
qualifications,1
simply,1
fingering,1
unbending,1
kindest,1
wearied,1
culprit,1
breakfasted,1
chatty,1
forgiven,1
goals,1
gallant,1
purses,1
unacquainted,1
bashful,1
appearances,1
diversified,1
practising,1
impressing,1
soothed,1
bromley,1
boxes,1
synonymously,1
concerto,1
inconsiderable,1
tedious,1
testifying,1
cucumber,1
straws,1
youths,1
insufferable,1
hunting,1
partridges,1
undone,1
cluster,1
jilt,1
dissipation,1
sentinel,1
exchanged,1
abundant,1
connubial,1
serving,1
clerk,1
despicable,1
digressions,1
consign,1
predict,1
effectual,1
spur,1
explore,1
temporary,1
fugitives,1
brittle,1
expedite,1
ankle,1
risen,1
writes,1
beneficence,1
allude,1
matrimonial,1
hedge,1
shifting,1
ungraciousness,1
rapacity,1
tempers,1
swamp,1
stiles,1
redress,1
confirms,1
wiser,1
missing,1
welcoming,1
anew,1
pouring,1
inducements,1
proving,1
contract,1
tormenting,1
paling,1
sneering,1
intrigues,1
philosophic,1
justifying,1
fill,1
mistook,1
chimney,1
appease,1
jumbled,1
blinds,1
splendour,1
satisfactions,1
rejoined,1
nose,1
admission,1
advertised,1
closure,1
prohibition,1
pedantic,1
possibilities,1
resume,1
mingling,1
dullest,1
friday,1
omitted,1
clerical,1
overjoyed,1
insolence,1
token,1
salad,1
acquiesce,1
appeals,1
searching,1
elope,1
sept,1
hang,1
personages,1
patient,1
filial,1
altar,1
attributing,1
imaginations,1
boundless,1
keener,1
arrogance,1
prejudiced,1
conquered,1
spacious,1
closely,1
beatings,1
overtaken,1
elect,1
violates,1
methods,1
criticise,1
neighbourhoods,1
troubling,1
disliking,1
probity,1
manoeuvre,1
scold,1
obvious,1
grieving,1
indistinctly,1
adequate,1
clue,1
declaring,1
omen,1
gregory,1
seminaries,1
tenant,1
rang,1
achieving,1
conception,1
lessening,1
blasted,1
shed,1
contributed,1
artificial,1
annoyed,1
sore,1
nourishes,1
rail,1
cooking,1
bewitching,1
exultation,1
animating,1
unprepared,1
prepossessed,1
cry,1
lie,1
male,1
defense,1
gig,1
cambridge,1
bandbox,1
clamorous,1
comprehends,1
recognized,1
benefits,1
survey,1
constitute,1
stored,1
novels,1
equivocal,1
mechanically,1
acceded,1
untinctured,1
invitations,1
frailty,1
demanding,1
mindful,1
hypocrisy,1
severest,1
moralize,1
unvarying,1
disarm,1
resolute,1
defended,1
kinds,1
stumbling,1
exclaim,1
packed,1
stratagems,1
statements,1
preside,1
build,1
grantley,1
scolded,1
emergence,1
undecided,1
degrees,1
dullness,1
imperfectly,1
promoted,1
forgetfulness,1
sally,1
barefaced,1
picturesque,1
fireplace,1
iniquitous,1
hire,1
repulsed,1
coquetry,1
abound,1
correspond,1
contemptuously,1
extinguished,1
sameness,1
illiberal,1
swelled,1
meditation,1
serviceable,1
theatre,1
poured,1
influencing,1
injuring,1
agonies,1
suggestion,1
rated,1
regained,1
repugnance,1
heavier,1
deemed,1
nowadays,1
hanging,1
reap,1
clement,1
confide,1
oakham,1
rein,1
punitive,1
arrange,1
stamp,1
griefs,1
felicitations,1
position,1
delighting,1
slacken,1
accurate,1
packing,1
lifetime,1
engross,1
spurned,1
disputes,1
evade,1
seconded,1
crayons,1
final,1
creation,1
irish,1
screens,1
desperation,1
duchess,1
calmly,1
rectitude,1
rivers,1
prudential,1
exposure,1
appointed,1
snug,1
watches,1
folded,1
servility,1
treating,1
entreating,1
eloquence,1
complaint,1
proudly,1
sufferer,1
compressed,1
flowed,1
store,1
breathing,1
prizes,1
truest,1
regulate,1
confirm,1
reminding,1
objected,1
sustained,1
renamed,1
prettiest,1
sideboard,1
exist,1
remonstrance,1
exuberant,1
tents,1
personage,1
curiosities,1
invalidity,1
suppositions,1
unreasonably,1
unappeasable,1
prefaced,1
threatened,1
newest,1
mislead,1
impartiality,1
teeth,1
involves,1
powdering,1
checks,1
expressly,1
subsist,1
agony,1
commissioning,1
birmingham,1
furnished,1
reasoning,1
devoid,1
nursing,1
cure,1
discourses,1
estimated,1
shorten,1
barbarously,1
successor,1
sports,1
executors,1
discreditable,1
harboured,1
secrets,1
forbade,1
outrun,1
regain,1
sagacity,1
jewels,1
mud,1
laudable,1
rebuke,1
complimenting,1
misleading,1
storing,1
hazarded,1
fruit,1
notes,1
hearth,1
trifled,1
land,1
irreproachable,1
unabated,1
employee,1
black,1
porridge,1
converting,1
ordination,1
phillip,1
chicken,1
emotions,1
overpowering,1
complaining,1
retreated,1
monosyllable,1
stir,1
relished,1
asserting,1
ensign,1
engrossing,1
custody,1
combated,1
someone,1
sounds,1
grain,1
natured,1
wearisome,1
govern,1
requester,1
conscientiously,1
sour,1
vigour,1
impelled,1
blameable,1
witty,1
amounting,1
reasonableness,1
jot,1
seize,1
spokesman,1
muffin,1
artfully,1
supplying,1
depreciate,1
july,1
resuming,1
brown,1
exceeding,1
ancient,1
donors,1
lace,1
aimed,1
seconding,1
pope,1
joints,1
summon,1
clearer,1
petrified,1
bedrooms,1
construction,1
peaches,1
stem,1
polluted,1
pg,1
distrusted,1
symmetry,1
unqualified,1
blameless,1
mankind,1
ensue,1
forsters,1
deaden,1
petitioned,1
corrupt,1
condescend,1
interfere,1
excellency,1
reflecting,1
bestowing,1
watchful,1
cottagers,1
undoubted,1
wears,1
warded,1
blenheim,1
lightness,1
hatred,1
dines,1
scarborough,1
allowances,1
repulsive,1
nicely,1
pursuits,1
anticipation,1
spars,1
revolted,1
involuntary,1
mostly,1
services,1
basis,1
submitted,1
outdated,1
pretension,1
arrogant,1
exhibiting,1
dishonorable,1
creditably,1
harshly,1
sharers,1
undeserved,1
foul,1
querulous,1
commonly,1
individually,1
compensation,1
shoulders,1
representations,1
accessed,1
hypertext,1
english,1
indolent,1
tremble,1
pens,1
gift,1
wind,1
finds,1
definition,1
foundations,1
esq,1
counteract,1
pollution,1
ascertaining,1
victory,1
archness,1
laity,1
audible,1
dissemble,1
forbearing,1
consternation,1
nobler,1
acquainting,1
predominate,1
household,1
unabashed,1
cogent,1
bath,1
hack,1
ceremonies,1
manifold,1
york,1
seasonable,1
impute,1
grandfather,1
tenor,1
aught,1
substitute,1
naming,1
emphatically,1
superiority,1
suggesting,1
dishonest,1
habitual,1
suspects,1
lamenting,1
restrained,1
selfishness,1
softness,1
presided,1
chestnuts,1
board,1
hired,1
establish,1
tribute,1
inspire,1
resisting,1
revealing,1
war,1
merits,1
shrewish,1
eleven,1
errand,1
blamed,1
pglaf,1
ein,1
ak,1
untidy,1
permit,1
guests,1
bustle,1
laurel,1
overpower,1
magistrate,1
freckled,1
disturbers,1
bakewell,1
mildly,1
replies,1
changes,1
vastly,1
scarcity,1
overthrowing,1
vices,1
largest,1
topic,1
bets,1
conversations,1
remorse,1
plantation,1
scores,1
finishing,1
gaming,1
subjoin,1
pointedly,1
boasting,1
reproaches,1
endure,1
parading,1
crown,1
overhearings,1
unequally,1
legacy,1
harringtons,1
attachments,1
creative,1
hardened,1
dimensions,1
glen,1
fitness,1
unsolicited,1
attitude,1
graciously,1
confidently,1
binary,1
identify,1
associating,1
needlework,1
corner,1
faintly,1
designedly,1
overflowing,1
exceptional,1
susceptibility,1
successively,1
ensigncy,1
devote,1
doubtingly,1
boldly,1
perpetual,1
china,1
trials,1
leaning,1
domestics,1
louder,1
bathing,1
philosopher,1
abrupt,1
acceding,1
conditionally,1
damaged,1
volunteer,1
horsewoman,1
strictest,1
exhibit,1
regularly,1
characterise,1
apprehensive,1
interpretation,1
howsoever,1
vicinity,1
expences,1
rectory,1
fordyce,1
diffident,1
february,1
echo,1
acknowledging,1
hatefully,1
winding,1
kympton,1
sanction,1
intimidated,1
discovering,1
implies,1
available,1
transition,1
overhear,1
acquire,1
webbs,1
vanish,1
coincidence,1
restless,1
watering,1
peak,1
contradictions,1
explanatory,1
unexampled,1
rings,1
emphasis,1
suddenness,1
delivering,1
investigation,1
weighty,1
aid,1
referred,1
requisite,1
deranged,1
austerity,1
unchanged,1
taller,1
closet,1
disclaimed,1
troop,1
misrepresentation,1
selves,1
inns,1
bosom,1
incurred,1
intimates,1
heinous,1
racked,1
wavered,1
undetermined,1
branch,1
mild,1
fastened,1
outlived,1
coherent,1
threats,1
vehemence,1
ut,1
profuse,1
cessation,1
pavement,1
glories,1
reappear,1
lofty,1
punch,1
smirks,1
epithet,1
comparisons,1
reluctance,1
fashionable,1
ragout,1
implicit,1
retort,1
indefinite,1
stables,1
whimsical,1
busy,1
reconcile,1
committed,1
solace,1
slightingly,1
thankfully,1
implacability,1
unsubdued,1
advances,1
deprive,1
fourthly,1
vexations,1
curtains,1
survived,1
forlorn,1
simpered,1
oddity,1
although,1
endurable,1
occupies,1
believes,1
asserted,1
northwards,1
discrimination,1
contrasted,1
untitled,1
pitched,1
sportive,1
newcomers,1
correspondents,1
improvements,1
dawdled,1
dismission,1
desponding,1
deceives,1
plenty,1
forcing,1
simple,1
disquiet,1
barely,1
construing,1
petulance,1
availed,1
lamented,1
stage,1
explicitly,1
unmarked,1
defied,1
default,1
regulation,1
composition,1
fairest,1
wear,1
rocks,1
enhance,1
equalled,1
torment,1
refuge,1
member,1
linked,1
eluded,1
forbidding,1
inflexibly,1
corroborated,1
occupation,1
stateliness,1
retaliate,1
unmoved,1
severity,1
luckless,1
curtailed,1
crowned,1
windings,1
courting,1
proportionate,1
exceed,1
revolving,1
nonproprietary,1
organized,1
disgraced,1
surmount,1
couples,1
joyfully,1
disturbance,1
ultimately,1
repent,1
satisfying,1
profligate,1
forty,1
retain,1
transcribe,1
dresses,1
troublesome,1
designing,1
peculiarities,1
penitent,1
recurring,1
extractions,1
miseries,1
kindred,1
lying,1
languages,1
resisted,1
eclipsed,1
ablution,1
differences,1
creatures,1
profligacy,1
impressive,1
heedless,1
processing,1
synonymous,1
assents,1
archbishop,1
undutiful,1
faultless,1
disputable,1
valueless,1
unfavourably,1
outstripped,1
impetuous,1
begs,1
caused,1
kill,1
forgiving,1
preceded,1
overbearing,1
test,1
withstood,1
observances,1
refusals,1
inventing,1
scrutiny,1
relied,1
rely,1
brains,1
bowl,1
ungovernable,1
arrear,1
replace,1
adjusting,1
extort,1
roads,1
revival,1
replete,1
repinings,1
cambric,1
term,1
suiting,1
blushing,1
settlements,1
reckon,1
distractedly,1
arranges,1
dividing,1
trim,1
hysterics,1
transpired,1
attendant,1
paler,1
encoding,1
appertain,1
importune,1
shameless,1
latterly,1
impunity,1
proportions,1
weakest,1
indicating,1
flogged,1
imitations,1
equivalent,1
courtier,1
peep,1
interruptions,1
wretchedly,1
affords,1
cake,1
postilions,1
sash,1
leisurely,1
international,1
abatement,1
entailing,1
metcalf,1
scrape,1
communicative,1
newby,1
denominated,1
pace,1
exception,1
dissolved,1
increases,1
indecorum,1
paintings,1
bribery,1
completion,1
diffused,1
sprained,1
prevents,1
highflown,1
indulging,1
complained,1
uglier,1
volatility,1
tens,1
dovedale,1
trout,1
payment,1
worthlessness,1
sportsmen,1
mortifies,1
recede,1
disk,1
sections,1
regulating,1
acquisition,1
remarked,1
confinement,1
patched,1
sends,1
version,1
reported,1
attacked,1
precisely,1
seniority,1
demands,1
constrained,1
bright,1
incessant,1
hurts,1
tells,1
unanswerable,1
weakened,1
frighten,1
allayed,1
lowest,1
tremblings,1
spasms,1
anyhow,1
fuss,1
faithfully,1
witnessing,1
inclinations,1
executed,1
bewitched,1
bequeathed,1
losses,1
successfully,1
pull,1
ward,1
exerting,1
northward,1
ostentation,1
surpass,1
bounty,1
folios,1
bridegroom,1
meantime,1
conciliating,1
policy,1
hears,1
lessened,1
adopted,1
rough,1
tanned,1
repining,1
unprotected,1
speed,1
unassailed,1
succeeds,1
efficacy,1
compare,1
empty,1
penance,1
narrative,1
heartening,1
augmented,1
fidgety,1
multitude,1
south,1
untamed,1
allurements,1
