spared,8
abode,8
formal,8
office,8
rooms,8
low,8
entail,8
begged,8
month,8
exclaimed,8
variety,8
couple,8
collection,8
totally,8
clergyman,8
doors,8
extent,8
protested,8
difficulty,8
unknown,8
bestowed,8
remarks,8
below,8
properly,8
reach,8
officer,8
recollections,8
conclusion,8
volunteers,8
relieved,8
according,8
unexpected,8
direct,8
gentlemanlike,8
fee,8
warmth,8
domain,8
impatient,8
solicitude,8
fast,8
occasions,8
suffered,8
concerns,8
http,8
female,8
throw,8
fun,8
sudden,8
hate,8
figure,8
wherever,8
watching,8
death,8
laws,8
indebted,8
prepare,8
arrangement,8
carried,8
separation,8
enjoy,8
encouraged,8
assurances,8
inquired,8
makes,8
associated,8
follows,8
freely,8
king,8
usually,8
approach,8
declare,8
wondered,8
contain,8
laid,8
severe,8
possibly,8
gracious,8
note,8
quitting,8
heightened,8
uneasy,8
tall,8
ourselves,8
chooses,8
incapable,8
alteration,8
certainty,8
vexed,8
expressing,8
ordered,8
gallantry,8
indignation,8
sound,8
force,8
mistake,8
acknowledge,8
openly,8
evils,8
tax,8
thrown,8
scotland,8
eagerness,8
lest,8
opinions,8
taught,8
governess,8
matters,8
service,8
impertinence,8
features,8
discovered,8
warmly,8
noticed,8
lodge,8
thankful,8
unpleasant,8
altogether,8
deny,8
george,8
prove,8
somewhat,8
sacrifice,8
strongly,8
advise,8
seek,8
idle,8
neighbour,8
quietly,8
doubted,8
drawn,8
line,8
number,8
employed,8
foolish,8
interested,8
alarmed,8
balls,8
memory,8
hold,8
quiet,8
complete,8
changed,8
arise,8
commendation,8
chosen,8
behaved,8
horses,8
propriety,8
